"","id","days","col"
"1",15745,39,"#F7C3A3FF"
"2",21954,161,"#DE2E44FF"
"3",24260,13,"#F9DECAFF"
"4",11568,41,"#F6C19FFF"
"5",16932,135,"#ED4E3EFF"
"6",20795,167,"#D92847FF"
"7",24068,5,"#FAE6D6FF"
"8",23541,122,"#F06043FF"
"9",11395,64,"#F6A880FF"
"10",24261,28,"#F7CFB3FF"
"11",19349,67,"#F6A47CFF"
"12",21777,352,"#0E0B22FF"
"13",21258,4,"#FAE8D8FF"
"14",19175,193,"#C01654FF"
"15",19176,32,"#F7CBADFF"
"16",23857,251,"#7B1F59FF"
"17",21490,110,"#F3704DFF"
"18",18132,61,"#F6AB83FF"
"19",17442,170,"#D72549FF"
"20",20274,12,"#F9DFCCFF"
"21",25825,236,"#8D1D5BFF"
"22",11913,9,"#F9E2D1FF"
"23",12087,13,"#F9DECAFF"
"24",14860,43,"#F6BF9CFF"
"25",24087,33,"#F7CAABFF"
"26",14861,13,"#F9DECAFF"
"27",21086,144,"#E9423EFF"
"28",15381,113,"#F26C4AFF"
"29",15380,20,"#F8D7BFFF"
"30",11566,43,"#F6BF9CFF"
"31",11567,27,"#F7D0B4FF"
"32",11914,22,"#F8D5BDFF"
"33",15741,1,"#FAEBDDFF"
"34",11569,32,"#F7CBADFF"
"35",17624,48,"#F6B995FF"
"36",15915,2,"#FAE9DBFF"
"37",23542,87,"#F58C64FF"
"38",15567,2,"#FAE9DBFF"
"39",11741,45,"#F6BC99FF"
"40",17614,359,"#07071DFF"
"41",12781,12,"#F9DFCCFF"
"42",12954,14,"#F9DDC9FF"
"43",15569,2,"#FAE9DBFF"
"44",15575,15,"#F8DCC7FF"
"45",11915,48,"#F6B995FF"
"46",15393,1,"#FAEBDDFF"
"47",21605,108,"#F3734EFF"
"48",17451,10,"#F9E1CFFF"
"49",17979,70,"#F6A178FF"
"50",11740,24,"#F8D3BAFF"
"51",16265,8,"#F9E3D2FF"
"52",18152,5,"#FAE6D6FF"
"53",18504,50,"#F6B792FF"
"54",18328,12,"#F9DFCCFF"
"55",18503,15,"#F8DCC7FF"
"56",21293,17,"#F8DAC5FF"
"57",15398,1,"#FAEBDDFF"
"58",18329,69,"#F6A279FF"
"59",15399,1,"#FAEBDDFF"
"60",18330,123,"#F05F42FF"
"61",17805,11,"#F9E0CDFF"
"62",17285,74,"#F69C73FF"
"63",18327,9,"#F9E2D1FF"
"64",14871,61,"#F6AB83FF"
"65",15402,7,"#F9E5D4FF"
"66",15749,6,"#F9E6D5FF"
"67",21292,22,"#F8D5BDFF"
"68",18502,11,"#F9E0CDFF"
"69",11742,34,"#F7C9AAFF"
"70",17977,10,"#F9E1CFFF"
"71",14012,2,"#FAE9DBFF"
"72",21466,25,"#F8D1B8FF"
"73",14011,1,"#FAEBDDFF"
"74",21290,9,"#F9E2D1FF"
"75",21464,19,"#F8D8C1FF"
"76",18486,18,"#F8D9C3FF"
"77",14184,2,"#FAE9DBFF"
"78",15382,142,"#EA443EFF"
"79",14358,2,"#FAE9DBFF"
"80",15208,6,"#F9E6D5FF"
"81",14357,1,"#FAEBDDFF"
"82",14185,2,"#FAE9DBFF"
"83",18487,20,"#F8D7BFFF"
"84",14360,1,"#FAEBDDFF"
"85",18488,17,"#F8DAC5FF"
"86",17626,4,"#FAE8D8FF"
"87",15750,5,"#FAE6D6FF"
"88",18661,32,"#F7CBADFF"
"89",14701,1,"#FAEBDDFF"
"90",14876,1,"#FAEBDDFF"
"91",21254,31,"#F7CCAFFF"
"92",14186,1,"#FAEBDDFF"
"93",14359,1,"#FAEBDDFF"
"94",18313,20,"#F8D7BFFF"
"95",21606,77,"#F59870FF"
"96",18314,23,"#F8D4BBFF"
"97",17629,2,"#FAE9DBFF"
"98",14702,1,"#FAEBDDFF"
"99",17625,10,"#F9E1CFFF"
"100",18660,49,"#F6B894FF"
"101",17630,51,"#F6B691FF"
"102",18312,20,"#F8D7BFFF"
"103",21638,8,"#F9E3D2FF"
"104",13149,19,"#F8D8C1FF"
"105",13150,17,"#F8DAC5FF"
"106",12955,20,"#F8D7BFFF"
"107",18880,132,"#EE523FFF"
"108",13148,3,"#FAE9D9FF"
"109",12977,4,"#FAE8D8FF"
"110",12976,4,"#FAE8D8FF"
"111",12975,4,"#FAE8D8FF"
"112",18657,30,"#F7CDB0FF"
"113",18154,82,"#F5936AFF"
"114",18658,52,"#F6B490FF"
"115",21295,4,"#FAE8D8FF"
"116",21639,14,"#F9DDC9FF"
"117",19556,13,"#F9DECAFF"
"118",11739,2,"#FAE9DBFF"
"119",13151,9,"#F9E2D1FF"
"120",21469,10,"#F9E1CFFF"
"121",18838,5,"#FAE6D6FF"
"122",21813,12,"#F9DFCCFF"
"123",17284,4,"#FAE8D8FF"
"124",18659,52,"#F6B490FF"
"125",17802,1,"#FAEBDDFF"
"126",17803,72,"#F69F76FF"
"127",22854,2,"#FAE9DBFF"
"128",18837,11,"#F9E0CDFF"
"129",11394,21,"#F8D6BEFF"
"130",23721,12,"#F9DFCCFF"
"131",23027,9,"#F9E2D1FF"
"132",22160,7,"#F9E5D4FF"
"133",22653,14,"#F9DDC9FF"
"134",22681,16,"#F8DBC6FF"
"135",14873,201,"#B71657FF"
"136",23200,16,"#F8DBC6FF"
"137",17631,79,"#F5966DFF"
"138",21986,6,"#F9E6D5FF"
"139",15222,1,"#FAEBDDFF"
"140",23374,8,"#F9E3D2FF"
"141",17804,91,"#F58860FF"
"142",14875,1,"#FAEBDDFF"
"143",23738,6,"#F9E6D5FF"
"144",23548,7,"#F9E5D4FF"
"145",22333,6,"#F9E6D5FF"
"146",23723,4,"#FAE8D8FF"
"147",23722,6,"#F9E6D5FF"
"148",11221,27,"#F7D0B4FF"
"149",11222,22,"#F8D5BDFF"
"150",13323,18,"#F8D9C3FF"
"151",18656,37,"#F7C6A6FF"
"152",20435,1,"#FAEBDDFF"
"153",12089,9,"#F9E2D1FF"
"154",22004,2,"#FAE9DBFF"
"155",21483,1,"#FAEBDDFF"
"156",20261,1,"#FAEBDDFF"
"157",22524,1,"#FAEBDDFF"
"158",23045,1,"#FAEBDDFF"
"159",15570,24,"#F8D3BAFF"
"160",21310,1,"#FAEBDDFF"
"161",19911,1,"#FAEBDDFF"
"162",12086,5,"#FAE6D6FF"
"163",23543,74,"#F69C73FF"
"164",16794,5,"#FAE6D6FF"
"165",21135,1,"#FAEBDDFF"
"166",17141,10,"#F9E1CFFF"
"167",17142,12,"#F9DFCCFF"
"168",22177,1,"#FAEBDDFF"
"169",22351,3,"#FAE9D9FF"
"171",21118,6,"#F9E6D5FF"
"172",17109,26,"#F7D0B6FF"
"173",18153,6,"#F9E6D5FF"
"174",18151,3,"#FAE9D9FF"
"175",17316,11,"#F9E0CDFF"
"176",17315,15,"#F8DCC7FF"
"177",12780,3,"#FAE9D9FF"
"178",19554,1,"#FAEBDDFF"
"179",18678,8,"#F9E3D2FF"
"180",13128,13,"#F9DECAFF"
"181",16618,4,"#FAE8D8FF"
"182",18856,2,"#FAE9DBFF"
"183",19206,64,"#F6A880FF"
"184",16089,1,"#FAEBDDFF"
"185",21119,5,"#FAE6D6FF"
"186",17283,25,"#F8D1B8FF"
"187",18677,10,"#F9E1CFFF"
"188",19026,21,"#F8D6BEFF"
"189",19027,19,"#F8D8C1FF"
"190",18326,43,"#F6BF9CFF"
"191",19028,4,"#FAE8D8FF"
"192",17978,9,"#F9E2D1FF"
"193",19025,25,"#F8D1B8FF"
"194",17628,1,"#FAEBDDFF"
"195",18676,16,"#F8DBC6FF"
"196",18674,45,"#F6BC99FF"
"197",11219,1,"#FAEBDDFF"
"198",11393,11,"#F9E0CDFF"
"199",11392,24,"#F8D3BAFF"
"200",18673,7,"#F9E5D4FF"
"201",18139,106,"#F37551FF"
"202",14882,5,"#FAE6D6FF"
"203",13152,2,"#FAE9DBFF"
"204",12803,3,"#FAE9D9FF"
"205",14881,10,"#F9E1CFFF"
"206",21252,4,"#FAE8D8FF"
"207",21465,21,"#F8D6BEFF"
"208",25126,2,"#FAE9DBFF"
"209",24954,8,"#F9E3D2FF"
"210",21983,4,"#FAE8D8FF"
"211",15387,8,"#F9E3D2FF"
"212",15039,9,"#F9E2D1FF"
"213",25127,7,"#F9E5D4FF"
"214",12804,1,"#FAEBDDFF"
"215",24953,7,"#F9E5D4FF"
"216",15386,12,"#F9DFCCFF"
"217",18663,12,"#F9DFCCFF"
"218",15055,8,"#F9E3D2FF"
"219",10873,3,"#FAE9D9FF"
"220",15403,3,"#FAE9D9FF"
"221",25128,6,"#F9E6D5FF"
"222",21637,1,"#FAEBDDFF"
"223",15212,16,"#F8DBC6FF"
"224",21984,11,"#F9E0CDFF"
"225",15038,10,"#F9E1CFFF"
"226",18662,14,"#F9DDC9FF"
"227",18664,8,"#F9E3D2FF"
"228",21255,32,"#F7CBADFF"
"229",18505,114,"#F26B49FF"
"230",18679,5,"#FAE6D6FF"
"231",18830,16,"#F8DBC6FF"
"232",17274,192,"#C11754FF"
"233",11047,7,"#F9E5D4FF"
"234",18506,11,"#F9E0CDFF"
"235",15747,8,"#F9E3D2FF"
"236",16968,8,"#F9E3D2FF"
"237",23366,47,"#F6BB97FF"
"238",12265,2,"#FAE9DBFF"
"239",12439,3,"#FAE9D9FF"
"240",12437,4,"#FAE8D8FF"
"241",12438,2,"#FAE9DBFF"
"242",12263,4,"#FAE8D8FF"
"243",12974,8,"#F9E3D2FF"
"244",21987,4,"#FAE8D8FF"
"245",19729,1,"#FAEBDDFF"
"246",18675,29,"#F7CEB2FF"
"247",19009,5,"#FAE6D6FF"
"248",19023,49,"#F6B894FF"
"249",10901,2,"#FAE9DBFF"
"250",10902,18,"#F8D9C3FF"
"251",18849,41,"#F6C19FFF"
"252",14707,5,"#FAE6D6FF"
"253",14532,1,"#FAEBDDFF"
"254",17789,46,"#F6BB98FF"
"255",21985,6,"#F9E6D5FF"
"256",19024,30,"#F7CDB0FF"
"257",14706,1,"#FAEBDDFF"
"258",17440,46,"#F6BB98FF"
"259",12978,6,"#F9E6D5FF"
"260",11076,34,"#F7C9AAFF"
"261",11075,29,"#F7CEB2FF"
"262",18501,7,"#F9E5D4FF"
"263",10729,15,"#F8DCC7FF"
"264",13496,2,"#FAE9DBFF"
"265",18850,20,"#F8D7BFFF"
"266",13495,3,"#FAE9D9FF"
"267",18500,18,"#F8D9C3FF"
"268",11048,13,"#F9DECAFF"
"269",13663,1,"#FAEBDDFF"
"270",14013,1,"#FAEBDDFF"
"271",22334,6,"#F9E6D5FF"
"272",13661,2,"#FAE9DBFF"
"273",21249,1,"#FAEBDDFF"
"274",22505,8,"#F9E3D2FF"
"275",22853,7,"#F9E5D4FF"
"276",14010,2,"#FAE9DBFF"
"277",23199,3,"#FAE9D9FF"
"278",11249,34,"#F7C9AAFF"
"279",13322,2,"#FAE9DBFF"
"280",22157,3,"#FAE9D9FF"
"281",13321,7,"#F9E5D4FF"
"282",11248,25,"#F8D1B8FF"
"283",12631,2,"#FAE9DBFF"
"284",17288,154,"#E33641FF"
"285",21811,9,"#F9E2D1FF"
"286",21291,6,"#F9E6D5FF"
"287",13324,9,"#F9E2D1FF"
"288",11594,3,"#FAE9D9FF"
"289",15207,1,"#FAEBDDFF"
"290",20041,1,"#FAEBDDFF"
"291",11593,4,"#FAE8D8FF"
"292",20259,3,"#FAE9D9FF"
"293",20085,2,"#FAE9DBFF"
"294",20433,4,"#FAE8D8FF"
"295",20258,7,"#F9E5D4FF"
"296",20432,10,"#F9E1CFFF"
"297",17984,11,"#F9E0CDFF"
"298",20086,1,"#FAEBDDFF"
"299",17457,2,"#FAE9DBFF"
"300",15229,3,"#FAE9D9FF"
"301",19737,1,"#FAEBDDFF"
"302",19736,2,"#FAE9DBFF"
"303",20260,1,"#FAEBDDFF"
"304",10530,4,"#FAE8D8FF"
"305",17969,8,"#F9E3D2FF"
"306",20082,17,"#F8DAC5FF"
"307",19732,1,"#FAEBDDFF"
"308",19907,1,"#FAEBDDFF"
"309",20257,12,"#F9DFCCFF"
"310",20083,1,"#FAEBDDFF"
"311",19906,2,"#FAE9DBFF"
"312",19197,10,"#F9E1CFFF"
"313",22679,10,"#F9E1CFFF"
"314",19198,6,"#F9E6D5FF"
"315",22654,83,"#F59168FF"
"316",19007,12,"#F9DFCCFF"
"317",19012,3,"#FAE9D9FF"
"318",15560,4,"#FAE8D8FF"
"319",13316,2,"#FAE9DBFF"
"320",13141,5,"#FAE6D6FF"
"321",19008,33,"#F7CAABFF"
"322",15907,1,"#FAEBDDFF"
"323",22331,3,"#FAE9D9FF"
"324",17623,13,"#F9DECAFF"
"325",19011,5,"#FAE6D6FF"
"326",13315,3,"#FAE9D9FF"
"327",13314,3,"#FAE9D9FF"
"328",15733,1,"#FAEBDDFF"
"329",18485,10,"#F9E1CFFF"
"330",13662,2,"#FAE9DBFF"
"331",14009,1,"#FAEBDDFF"
"332",17662,11,"#F9E0CDFF"
"333",17313,6,"#F9E6D5FF"
"334",15748,5,"#FAE6D6FF"
"335",15573,2,"#FAE9DBFF"
"336",17312,1,"#FAEBDDFF"
"337",17661,1,"#FAEBDDFF"
"338",11743,7,"#F9E5D4FF"
"339",21087,14,"#F9DDC9FF"
"340",16758,190,"#C31753FF"
"341",14866,30,"#F7CDB0FF"
"342",20254,12,"#F9DFCCFF"
"343",16759,82,"#F5936AFF"
"344",20214,1,"#FAEBDDFF"
"345",15041,4,"#FAE8D8FF"
"346",14867,1,"#FAEBDDFF"
"347",20213,1,"#FAEBDDFF"
"348",24433,5,"#FAE6D6FF"
"349",15576,4,"#FAE8D8FF"
"350",24607,12,"#F9DFCCFF"
"351",23717,33,"#F7CAABFF"
"352",18489,17,"#F8DAC5FF"
"353",18834,56,"#F6B08AFF"
"354",21640,11,"#F9E0CDFF"
"355",21467,8,"#F9E3D2FF"
"356",13325,7,"#F9E5D4FF"
"357",21814,8,"#F9E3D2FF"
"358",18833,53,"#F6B48EFF"
"359",21468,11,"#F9E0CDFF"
"360",16967,5,"#FAE6D6FF"
"361",18835,17,"#F8DAC5FF"
"362",7969,18,"#F8D9C3FF"
"363",21607,109,"#F3724DFF"
"364",15216,1,"#FAEBDDFF"
"365",15214,4,"#FAE8D8FF"
"366",15045,16,"#F8DBC6FF"
"367",15040,7,"#F9E5D4FF"
"368",21812,1,"#FAEBDDFF"
"369",20097,43,"#F6BF9CFF"
"370",24781,8,"#F9E3D2FF"
"371",17788,42,"#F6C09DFF"
"372",18832,45,"#F6BC99FF"
"373",17450,5,"#FAE6D6FF"
"374",15215,3,"#FAE9D9FF"
"375",15043,2,"#FAE9DBFF"
"376",15042,3,"#FAE9D9FF"
"377",17140,2,"#FAE9DBFF"
"378",15746,1,"#FAEBDDFF"
"379",15400,1,"#FAEBDDFF"
"380",15921,7,"#F9E5D4FF"
"381",22508,2,"#FAE9DBFF"
"382",22507,2,"#FAE9DBFF"
"383",15920,1,"#FAEBDDFF"
"384",15574,2,"#FAE9DBFF"
"385",21253,1,"#FAEBDDFF"
"386",21810,5,"#FAE6D6FF"
"387",15056,2,"#FAE9DBFF"
"388",11764,1,"#FAEBDDFF"
"389",11937,3,"#FAE9D9FF"
"390",11765,2,"#FAE9DBFF"
"391",15211,7,"#F9E5D4FF"
"392",18158,1,"#FAEBDDFF"
"393",15922,4,"#FAE8D8FF"
"394",17836,3,"#FAE9D9FF"
"395",22156,1,"#FAEBDDFF"
"396",16933,89,"#F58A62FF"
"397",22158,2,"#FAE9DBFF"
"398",24434,12,"#F9DFCCFF"
"399",22161,3,"#FAE9D9FF"
"400",17314,3,"#FAE9D9FF"
"401",24086,14,"#F9DDC9FF"
"402",17488,7,"#F9E5D4FF"
"403",11418,1,"#FAEBDDFF"
"404",11417,1,"#FAEBDDFF"
"405",23913,9,"#F9E2D1FF"
"406",11591,1,"#FAEBDDFF"
"407",23912,4,"#FAE8D8FF"
"408",11938,1,"#FAEBDDFF"
"409",22159,3,"#FAE9D9FF"
"410",11766,1,"#FAEBDDFF"
"411",15054,2,"#FAE9DBFF"
"412",7968,15,"#F8DCC7FF"
"413",14533,1,"#FAEBDDFF"
"414",15385,54,"#F6B38DFF"
"415",18499,2,"#FAE9DBFF"
"416",15227,1,"#FAEBDDFF"
"417",15401,2,"#FAE9DBFF"
"418",19557,9,"#F9E2D1FF"
"419",15383,11,"#F9E0CDFF"
"420",24088,12,"#F9DFCCFF"
"421",15226,1,"#FAEBDDFF"
"422",7967,13,"#F9DECAFF"
"423",19021,16,"#F8DBC6FF"
"424",11070,1,"#FAEBDDFF"
"425",19703,18,"#F8D9C3FF"
"426",19022,41,"#F6C19FFF"
"427",19705,13,"#F9DECAFF"
"428",11243,1,"#FAEBDDFF"
"429",20080,30,"#F7CDB0FF"
"430",21088,66,"#F6A57DFF"
"431",19702,11,"#F9E0CDFF"
"432",19704,16,"#F8DBC6FF"
"433",18847,13,"#F9DECAFF"
"434",18848,41,"#F6C19FFF"
"435",18339,2,"#FAE9DBFF"
"436",18317,8,"#F9E3D2FF"
"437",18316,11,"#F9E0CDFF"
"438",18315,13,"#F9DECAFF"
"439",24782,5,"#FAE6D6FF"
"440",21982,2,"#FAE9DBFF"
"441",24608,6,"#F9E6D5FF"
"442",15213,8,"#F9E3D2FF"
"443",14188,3,"#FAE9D9FF"
"444",25473,1,"#FAEBDDFF"
"445",14534,3,"#FAE9D9FF"
"446",25300,1,"#FAEBDDFF"
"447",25474,4,"#FAE8D8FF"
"448",24955,2,"#FAE9DBFF"
"449",17490,21,"#F8D6BEFF"
"450",14346,2,"#FAE9DBFF"
"451",14348,18,"#F8D9C3FF"
"452",19880,1,"#FAEBDDFF"
"453",14522,5,"#FAE6D6FF"
"454",24435,14,"#F9DDC9FF"
"455",25475,3,"#FAE9D9FF"
"456",25301,1,"#FAEBDDFF"
"457",25302,2,"#FAE9DBFF"
"458",14347,8,"#F9E3D2FF"
"459",17489,10,"#F9E1CFFF"
"460",19878,3,"#FAE9D9FF"
"461",21257,172,"#D5224AFF"
"462",14521,5,"#FAE6D6FF"
"463",14172,1,"#FAEBDDFF"
"464",25303,8,"#F9E3D2FF"
"465",23683,29,"#F7CEB2FF"
"466",19879,2,"#FAE9DBFF"
"467",18491,14,"#F9DDC9FF"
"468",14174,11,"#F9E0CDFF"
"469",18493,12,"#F9DFCCFF"
"470",19195,7,"#F9E5D4FF"
"471",18492,15,"#F8DCC7FF"
"472",19877,3,"#FAE9D9FF"
"473",19196,9,"#F9E2D1FF"
"474",19351,48,"#F6B995FF"
"475",16620,2,"#FAE9DBFF"
"476",19876,3,"#FAE9D9FF"
"477",23395,4,"#FAE8D8FF"
"478",14175,9,"#F9E2D1FF"
"479",22700,1,"#FAEBDDFF"
"480",8307,2,"#FAE9DBFF"
"481",15037,7,"#F9E5D4FF"
"482",18484,13,"#F9DECAFF"
"483",23394,9,"#F9E2D1FF"
"484",23567,8,"#F9E3D2FF"
"485",17664,11,"#F9E0CDFF"
"486",18483,14,"#F9DDC9FF"
"487",23393,5,"#FAE6D6FF"
"488",23741,8,"#F9E3D2FF"
"489",23739,10,"#F9E1CFFF"
"490",16584,24,"#F8D3BAFF"
"491",11918,2,"#FAE9DBFF"
"492",23740,8,"#F9E3D2FF"
"493",20946,6,"#F9E6D5FF"
"494",23566,7,"#F9E5D4FF"
"495",17663,9,"#F9E2D1FF"
"496",11744,1,"#FAEBDDFF"
"497",14349,3,"#FAE9D9FF"
"498",12091,4,"#FAE8D8FF"
"499",12264,2,"#FAE9DBFF"
"500",23564,2,"#FAE9DBFF"
"501",14169,6,"#F9E6D5FF"
"502",23391,1,"#FAEBDDFF"
"503",23218,2,"#FAE9DBFF"
"504",14693,3,"#FAE9D9FF"
"505",24262,13,"#F9DECAFF"
"506",16095,9,"#F9E2D1FF"
"507",14170,6,"#F9E6D5FF"
"508",17110,111,"#F26F4CFF"
"509",14694,2,"#FAE9DBFF"
"510",23565,5,"#FAE6D6FF"
"511",13996,5,"#FAE6D6FF"
"512",11917,1,"#FAEBDDFF"
"513",17275,1,"#FAEBDDFF"
"514",17277,6,"#F9E6D5FF"
"515",17983,50,"#F6B792FF"
"516",14343,3,"#FAE9D9FF"
"517",16096,1,"#FAEBDDFF"
"518",13129,7,"#F9E5D4FF"
"519",17447,188,"#C51852FF"
"520",17449,173,"#D4214AFF"
"521",11049,13,"#F9DECAFF"
"522",18136,64,"#F6A880FF"
"523",10209,13,"#F9DECAFF"
"524",19528,15,"#F8DCC7FF"
"525",10210,21,"#F8D6BEFF"
"526",11046,6,"#F9E6D5FF"
"527",17959,108,"#F3734EFF"
"528",19371,3,"#FAE9D9FF"
"529",10037,1,"#FAEBDDFF"
"530",19369,2,"#FAE9DBFF"
"531",19529,34,"#F7C9AAFF"
"532",19370,2,"#FAE9DBFF"
"533",11220,6,"#F9E6D5FF"
"534",21809,1,"#FAEBDDFF"
"535",13303,3,"#FAE9D9FF"
"536",10036,3,"#FAE9D9FF"
"537",13302,6,"#F9E6D5FF"
"538",13326,2,"#FAE9DBFF"
"539",18349,9,"#F9E2D1FF"
"540",13143,4,"#FAE8D8FF"
"541",12267,3,"#FAE9D9FF"
"542",12269,2,"#FAE9DBFF"
"543",12792,2,"#FAE9DBFF"
"544",12444,6,"#F9E6D5FF"
"545",12270,2,"#FAE9DBFF"
"546",12966,1,"#FAEBDDFF"
"547",11065,5,"#FAE6D6FF"
"548",18348,4,"#FAE8D8FF"
"549",10891,9,"#F9E2D1FF"
"550",14350,1,"#FAEBDDFF"
"551",12790,5,"#FAE6D6FF"
"552",18343,8,"#F9E3D2FF"
"553",16271,27,"#F7D0B4FF"
"554",18169,7,"#F9E5D4FF"
"555",18170,15,"#F8DCC7FF"
"556",17995,3,"#FAE9D9FF"
"557",20075,1,"#FAEBDDFF"
"558",20074,1,"#FAEBDDFF"
"559",18186,1,"#FAEBDDFF"
"560",19927,71,"#F6A077FF"
"561",18708,1,"#FAEBDDFF"
"562",15903,44,"#F6BE9BFF"
"563",14000,5,"#FAE6D6FF"
"564",13999,1,"#FAEBDDFF"
"565",13651,2,"#FAE9DBFF"
"566",17627,5,"#FAE6D6FF"
"567",13133,1,"#FAEBDDFF"
"568",13308,10,"#F9E1CFFF"
"569",12611,1,"#FAEBDDFF"
"570",17962,55,"#F6B18BFF"
"571",14865,12,"#F9DFCCFF"
"572",13135,11,"#F9E0CDFF"
"573",16793,4,"#FAE8D8FF"
"574",13826,1,"#FAEBDDFF"
"575",19531,8,"#F9E3D2FF"
"576",19530,8,"#F9E3D2FF"
"577",25653,103,"#F47953FF"
"578",16094,2,"#FAE9DBFF"
"579",12961,3,"#FAE9D9FF"
"580",18344,7,"#F9E5D4FF"
"581",22332,2,"#FAE9DBFF"
"582",13309,13,"#F9DECAFF"
"583",16268,1,"#FAEBDDFF"
"584",11224,8,"#F9E3D2FF"
"585",13483,6,"#F9E6D5FF"
"586",21430,111,"#F26F4CFF"
"587",16269,4,"#FAE8D8FF"
"588",13310,6,"#F9E6D5FF"
"589",18836,10,"#F9E1CFFF"
"590",17453,5,"#FAE6D6FF"
"591",7966,4,"#FAE8D8FF"
"592",8140,1,"#FAEBDDFF"
"593",8139,8,"#F9E3D2FF"
"594",15734,38,"#F7C4A4FF"
"595",12965,7,"#F9E5D4FF"
"596",14863,2,"#FAE9DBFF"
"597",12613,3,"#FAE9D9FF"
"598",15736,2,"#FAE9DBFF"
"599",16922,196,"#BC1656FF"
"600",12787,1,"#FAEBDDFF"
"601",15735,2,"#FAE9DBFF"
"602",15561,2,"#FAE9DBFF"
"603",13134,3,"#FAE9D9FF"
"604",12788,1,"#FAEBDDFF"
"605",12964,10,"#F9E1CFFF"
"606",12612,3,"#FAE9D9FF"
"607",19717,2,"#FAE9DBFF"
"608",8814,2,"#FAE9DBFF"
"609",8813,1,"#FAEBDDFF"
"610",8815,1,"#FAEBDDFF"
"611",17452,5,"#FAE6D6FF"
"612",17276,71,"#F6A077FF"
"613",12786,2,"#FAE9DBFF"
"614",16443,1,"#FAEBDDFF"
"615",13136,7,"#F9E5D4FF"
"616",13132,1,"#FAEBDDFF"
"617",18161,8,"#F9E3D2FF"
"618",13828,2,"#FAE9DBFF"
"619",13479,1,"#FAEBDDFF"
"620",13130,1,"#FAEBDDFF"
"621",13307,3,"#FAE9D9FF"
"622",12789,6,"#F9E6D5FF"
"623",13306,1,"#FAEBDDFF"
"624",14001,3,"#FAE9D9FF"
"625",16619,2,"#FAE9DBFF"
"626",13494,2,"#FAE9DBFF"
"627",17791,32,"#F7CBADFF"
"628",13320,7,"#F9E5D4FF"
"629",15562,4,"#FAE8D8FF"
"630",15388,4,"#FAE8D8FF"
"631",16444,1,"#FAEBDDFF"
"632",13493,2,"#FAE9DBFF"
"633",13138,2,"#FAE9DBFF"
"634",18829,17,"#F8DAC5FF"
"635",16445,2,"#FAE9DBFF"
"636",15909,11,"#F9E0CDFF"
"637",13482,4,"#FAE8D8FF"
"638",13319,2,"#FAE9DBFF"
"639",14691,7,"#F9E5D4FF"
"640",14520,3,"#FAE9D9FF"
"641",14519,2,"#FAE9DBFF"
"642",13484,2,"#FAE9DBFF"
"643",22680,1,"#FAEBDDFF"
"644",14002,1,"#FAEBDDFF"
"645",23373,8,"#F9E3D2FF"
"646",13657,3,"#FAE9D9FF"
"647",13658,2,"#FAE9DBFF"
"648",13831,1,"#FAEBDDFF"
"649",17272,2,"#FAE9DBFF"
"650",13830,1,"#FAEBDDFF"
"651",17099,5,"#FAE6D6FF"
"652",14004,1,"#FAEBDDFF"
"653",10718,6,"#F9E6D5FF"
"654",10196,1,"#FAEBDDFF"
"655",10543,1,"#FAEBDDFF"
"656",23547,7,"#F9E5D4FF"
"657",14695,3,"#FAE9D9FF"
"658",14868,3,"#FAE9D9FF"
"659",14692,5,"#FAE6D6FF"
"660",14869,2,"#FAE9DBFF"
"661",10717,1,"#FAEBDDFF"
"662",23367,115,"#F26948FF"
"663",12441,7,"#F9E5D4FF"
"664",12963,1,"#FAEBDDFF"
"665",12088,11,"#F9E0CDFF"
"666",17639,4,"#FAE8D8FF"
"667",12268,6,"#F9E6D5FF"
"668",19535,4,"#FAE8D8FF"
"669",18841,2,"#FAE9DBFF"
"670",21260,40,"#F7C2A1FF"
"671",17445,1,"#FAEBDDFF"
"672",12617,4,"#FAE8D8FF"
"673",16267,11,"#F9E0CDFF"
"674",17619,1,"#FAEBDDFF"
"675",17615,127,"#EF5941FF"
"676",16792,2,"#FAE9DBFF"
"677",12443,6,"#F9E6D5FF"
"678",12442,9,"#F9E2D1FF"
"679",12094,4,"#FAE8D8FF"
"680",14696,10,"#F9E1CFFF"
"681",21120,9,"#F9E2D1FF"
"682",10892,4,"#FAE8D8FF"
"683",10893,3,"#FAE9D9FF"
"684",10544,1,"#FAEBDDFF"
"685",19892,1,"#FAEBDDFF"
"686",10545,1,"#FAEBDDFF"
"687",23026,10,"#F9E1CFFF"
"688",19891,1,"#FAEBDDFF"
"689",17960,16,"#F8DBC6FF"
"690",22525,1,"#FAEBDDFF"
"691",12093,2,"#FAE9DBFF"
"692",23220,5,"#FAE6D6FF"
"693",16088,6,"#F9E6D5FF"
"694",22873,3,"#FAE9D9FF"
"695",5356,1,"#FAEBDDFF"
"696",5357,1,"#FAEBDDFF"
"697",22699,2,"#FAE9DBFF"
"698",17965,1,"#FAEBDDFF"
"699",11396,44,"#F6BE9BFF"
"700",23221,5,"#FAE6D6FF"
"701",17294,1,"#FAEBDDFF"
"702",19057,63,"#F6A981FF"
"703",12440,1,"#FAEBDDFF"
"704",12616,6,"#F9E6D5FF"
"705",17963,8,"#F9E3D2FF"
"706",18309,2,"#FAE9DBFF"
"707",12791,1,"#FAEBDDFF"
"708",14361,1,"#FAEBDDFF"
"709",9666,2,"#FAE9DBFF"
"710",23222,3,"#FAE9D9FF"
"711",21952,53,"#F6B48EFF"
"712",12615,3,"#FAE9D9FF"
"713",5526,1,"#FAEBDDFF"
"714",17278,3,"#FAE9D9FF"
"715",5529,1,"#FAEBDDFF"
"716",17645,1,"#FAEBDDFF"
"717",15384,98,"#F47F58FF"
"718",17994,4,"#FAE8D8FF"
"719",17820,8,"#F9E3D2FF"
"720",9662,1,"#FAEBDDFF"
"721",17993,1,"#FAEBDDFF"
"722",17819,2,"#FAE9DBFF"
"723",23219,3,"#FAE9D9FF"
"724",18168,3,"#FAE9D9FF"
"725",23568,3,"#FAE9D9FF"
"726",22874,3,"#FAE9D9FF"
"727",23048,1,"#FAEBDDFF"
"728",17292,3,"#FAE9D9FF"
"729",17120,1,"#FAEBDDFF"
"730",19005,1,"#FAEBDDFF"
"731",14859,26,"#F7D0B6FF"
"732",19180,1,"#FAEBDDFF"
"733",6907,1,"#FAEBDDFF"
"734",19699,10,"#F9E1CFFF"
"735",19700,9,"#F9E2D1FF"
"736",19526,10,"#F9E1CFFF"
"737",20905,47,"#F6BB97FF"
"738",19731,1,"#FAEBDDFF"
"739",19032,1,"#FAEBDDFF"
"740",21089,20,"#F8D7BFFF"
"741",19380,1,"#FAEBDDFF"
"742",18857,12,"#F9DFCCFF"
"743",22678,1,"#FAEBDDFF"
"744",19555,1,"#FAEBDDFF"
"745",19525,6,"#F9E6D5FF"
"746",20224,1,"#FAEBDDFF"
"747",23392,1,"#FAEBDDFF"
"748",9853,2,"#FAE9DBFF"
"749",23046,1,"#FAEBDDFF"
"750",22852,5,"#FAE6D6FF"
"751",10199,1,"#FAEBDDFF"
"752",10195,1,"#FAEBDDFF"
"753",10025,1,"#FAEBDDFF"
"754",23742,1,"#FAEBDDFF"
"755",10879,1,"#FAEBDDFF"
"756",17642,6,"#F9E6D5FF"
"757",18130,198,"#BA1656FF"
"758",17816,5,"#FAE6D6FF"
"759",22491,2,"#FAE9DBFF"
"760",17643,6,"#F9E6D5FF"
"761",20607,1,"#FAEBDDFF"
"762",22663,1,"#FAEBDDFF"
"763",21617,2,"#FAE9DBFF"
"764",21969,1,"#FAEBDDFF"
"765",17287,153,"#E43741FF"
"766",21444,3,"#FAE9D9FF"
"767",21442,2,"#FAE9DBFF"
"768",18325,21,"#F8D6BEFF"
"769",21098,2,"#FAE9DBFF"
"770",20775,6,"#F9E6D5FF"
"771",20601,3,"#FAE9D9FF"
"772",23915,4,"#FAE8D8FF"
"773",21079,50,"#F6B792FF"
"774",17817,3,"#FAE9D9FF"
"775",12260,2,"#FAE9DBFF"
"776",24956,4,"#FAE8D8FF"
"777",16770,19,"#F8D8C1FF"
"778",20950,4,"#FAE8D8FF"
"779",25304,4,"#FAE8D8FF"
"780",16945,11,"#F9E0CDFF"
"781",20949,19,"#F8D8C1FF"
"782",25130,6,"#F9E6D5FF"
"783",22506,3,"#FAE9D9FF"
"784",25129,4,"#FAE8D8FF"
"785",22682,16,"#F8DBC6FF"
"786",23914,5,"#FAE6D6FF"
"787",21123,1,"#FAEBDDFF"
"788",17136,167,"#D92847FF"
"789",14344,2,"#FAE9DBFF"
"790",18874,10,"#F9E1CFFF"
"791",18699,2,"#FAE9DBFF"
"792",18700,9,"#F9E2D1FF"
"793",16097,4,"#FAE8D8FF"
"794",18526,2,"#FAE9DBFF"
"795",18873,5,"#FAE6D6FF"
"796",17473,1,"#FAEBDDFF"
"797",13843,1,"#FAEBDDFF"
"798",18875,3,"#FAE9D9FF"
"799",18826,62,"#F6A981FF"
"800",13147,8,"#F9E3D2FF"
"801",21256,115,"#F26948FF"
"802",18884,6,"#F9E6D5FF"
"803",18346,2,"#FAE9DBFF"
"804",18883,18,"#F8D9C3FF"
"805",18171,4,"#FAE8D8FF"
"806",19048,2,"#FAE9DBFF"
"807",18172,3,"#FAE9D9FF"
"808",18345,3,"#FAE9D9FF"
"809",17998,4,"#FAE8D8FF"
"810",17999,1,"#FAEBDDFF"
"811",13670,2,"#FAE9DBFF"
"812",20579,21,"#F8D6BEFF"
"813",10533,45,"#F6BC99FF"
"814",10881,31,"#F7CCAFFF"
"815",18510,36,"#F7C6A7FF"
"816",16426,1,"#FAEBDDFF"
"817",15033,22,"#F8D5BDFF"
"818",16437,8,"#F9E3D2FF"
"819",17958,100,"#F47D56FF"
"820",17439,14,"#F9DDC9FF"
"821",18698,1,"#FAEBDDFF"
"822",19049,2,"#FAE9DBFF"
"823",19223,2,"#FAE9DBFF"
"824",18702,1,"#FAEBDDFF"
"825",19047,1,"#FAEBDDFF"
"826",19225,1,"#FAEBDDFF"
"827",18525,1,"#FAEBDDFF"
"828",18877,1,"#FAEBDDFF"
"829",19222,1,"#FAEBDDFF"
"830",19224,1,"#FAEBDDFF"
"831",22875,1,"#FAEBDDFF"
"832",9661,4,"#FAE8D8FF"
"833",18307,22,"#F8D5BDFF"
"834",18480,45,"#F6BC99FF"
"835",18481,45,"#F6BC99FF"
"836",15904,34,"#F7C9AAFF"
"837",18306,16,"#F8DBC6FF"
"838",15209,3,"#FAE9D9FF"
"839",18655,13,"#F9DECAFF"
"840",15036,2,"#FAE9DBFF"
"841",14686,37,"#F7C6A6FF"
"842",17981,131,"#EE543FFF"
"843",15035,5,"#FAE6D6FF"
"844",19170,74,"#F69C73FF"
"845",14512,13,"#F9DECAFF"
"846",17813,24,"#F8D3BAFF"
"847",20431,8,"#F9E3D2FF"
"848",18523,3,"#FAE9D9FF"
"849",20777,5,"#FAE6D6FF"
"850",19181,94,"#F4845DFF"
"851",18173,3,"#FAE9D9FF"
"852",18347,5,"#FAE6D6FF"
"853",19000,168,"#D82748FF"
"854",15034,24,"#F8D3BAFF"
"855",18174,2,"#FAE9DBFF"
"856",21122,8,"#F9E3D2FF"
"857",13648,6,"#F9E6D5FF"
"858",17613,209,"#AE1759FF"
"859",13821,3,"#FAE9D9FF"
"860",24436,5,"#FAE6D6FF"
"861",13822,3,"#FAE9D9FF"
"862",13995,2,"#FAE9DBFF"
"863",21296,6,"#F9E6D5FF"
"864",14517,5,"#FAE6D6FF"
"865",10019,18,"#F8D9C3FF"
"866",21950,139,"#EB493EFF"
"867",18522,1,"#FAEBDDFF"
"868",9344,2,"#FAE9DBFF"
"869",17809,31,"#F7CCAFFF"
"870",16605,14,"#F9DDC9FF"
"871",17438,101,"#F47C55FF"
"872",23053,1,"#FAEBDDFF"
"873",9345,2,"#FAE9DBFF"
"874",8999,1,"#FAEBDDFF"
"875",9000,3,"#FAE9D9FF"
"876",18175,1,"#FAEBDDFF"
"877",7458,20,"#F8D7BFFF"
"878",7461,22,"#F8D5BDFF"
"879",16598,4,"#FAE8D8FF"
"880",7462,10,"#F9E1CFFF"
"881",8827,7,"#F9E5D4FF"
"882",7460,26,"#F7D0B6FF"
"883",8655,5,"#FAE6D6FF"
"884",7459,23,"#F8D4BBFF"
"885",16599,4,"#FAE8D8FF"
"886",7457,16,"#F8DBC6FF"
"887",9690,7,"#F9E5D4FF"
"888",9172,4,"#FAE8D8FF"
"889",9689,7,"#F9E5D4FF"
"890",18305,20,"#F8D7BFFF"
"891",12979,1,"#FAEBDDFF"
"892",10382,35,"#F7C7A8FF"
"893",11247,4,"#FAE8D8FF"
"894",11421,10,"#F9E1CFFF"
"895",12805,3,"#FAE9D9FF"
"896",18518,1,"#FAEBDDFF"
"897",18520,1,"#FAEBDDFF"
"898",18519,1,"#FAEBDDFF"
"899",14518,1,"#FAEBDDFF"
"900",7455,10,"#F9E1CFFF"
"901",19177,14,"#F9DDC9FF"
"902",7625,1,"#FAEBDDFF"
"903",24770,42,"#F6C09DFF"
"904",8310,15,"#F8DCC7FF"
"905",14345,1,"#FAEBDDFF"
"906",8311,14,"#F9DDC9FF"
"907",8654,5,"#FAE6D6FF"
"908",20219,19,"#F8D8C1FF"
"909",7624,1,"#FAEBDDFF"
"910",17810,33,"#F7CAABFF"
"911",7456,11,"#F9E0CDFF"
"912",20220,16,"#F8DBC6FF"
"913",17821,7,"#F9E5D4FF"
"914",23051,12,"#F9DFCCFF"
"915",20221,13,"#F9DECAFF"
"916",8828,5,"#FAE6D6FF"
"917",17822,6,"#F9E6D5FF"
"918",22121,153,"#E43741FF"
"919",20046,10,"#F9E1CFFF"
"920",20045,17,"#F8DAC5FF"
"921",17647,1,"#FAEBDDFF"
"922",18855,2,"#FAE9DBFF"
"923",23552,3,"#FAE9D9FF"
"924",9660,3,"#FAE9D9FF"
"925",23551,6,"#F9E6D5FF"
"926",23030,11,"#F9E0CDFF"
"927",23204,4,"#FAE8D8FF"
"928",23549,3,"#FAE9D9FF"
"929",22704,53,"#F6B48EFF"
"930",16754,75,"#F69B71FF"
"931",24597,7,"#F9E5D4FF"
"932",12262,1,"#FAEBDDFF"
"933",23052,29,"#F7CEB2FF"
"934",11565,1,"#FAEBDDFF"
"935",24606,1,"#FAEBDDFF"
"936",23025,1,"#FAEBDDFF"
"937",19003,8,"#F9E3D2FF"
"938",24950,1,"#FAEBDDFF"
"939",25125,1,"#FAEBDDFF"
"940",23550,6,"#F9E6D5FF"
"941",17997,7,"#F9E5D4FF"
"942",17646,1,"#FAEBDDFF"
"943",18879,17,"#F8DAC5FF"
"944",23856,156,"#E13342FF"
"945",16942,1,"#FAEBDDFF"
"946",24596,58,"#F6AE87FF"
"947",11391,1,"#FAEBDDFF"
"948",21084,82,"#F5936AFF"
"949",24609,4,"#FAE8D8FF"
"950",24780,1,"#FAEBDDFF"
"951",17996,5,"#FAE6D6FF"
"952",21489,119,"#F16545FF"
"953",17823,5,"#FAE6D6FF"
"954",17814,8,"#F9E3D2FF"
"955",13669,1,"#FAEBDDFF"
"956",22182,75,"#F69B71FF"
"957",18852,4,"#FAE8D8FF"
"958",18851,9,"#F9E2D1FF"
"959",7796,9,"#F9E2D1FF"
"960",8137,5,"#FAE6D6FF"
"961",8138,11,"#F9E0CDFF"
"962",7797,8,"#F9E3D2FF"
"963",7798,8,"#F9E3D2FF"
"964",25649,1,"#FAEBDDFF"
"965",11218,2,"#FAE9DBFF"
"966",7971,7,"#F9E5D4FF"
"967",25476,4,"#FAE8D8FF"
"968",8309,5,"#FAE6D6FF"
"969",25823,1,"#FAEBDDFF"
"970",24957,2,"#FAE9DBFF"
"971",25650,2,"#FAE9DBFF"
"972",24783,2,"#FAE9DBFF"
"973",17786,16,"#F8DBC6FF"
"974",25651,1,"#FAEBDDFF"
"975",25477,1,"#FAEBDDFF"
"976",10383,39,"#F7C3A3FF"
"977",9173,2,"#FAE9DBFF"
"978",18134,17,"#F8DAC5FF"
"979",17784,119,"#F16545FF"
"980",18133,11,"#F9E0CDFF"
"981",23334,19,"#F8D8C1FF"
"982",16098,2,"#FAE9DBFF"
"983",18482,22,"#F8D5BDFF"
"984",9691,8,"#F9E3D2FF"
"985",9692,7,"#F9E5D4FF"
"986",21121,7,"#F9E5D4FF"
"987",24772,30,"#F7CDB0FF"
"988",21642,31,"#F7CCAFFF"
"989",17612,2,"#FAE9DBFF"
"990",17982,104,"#F37852FF"
"991",22469,107,"#F37450FF"
"992",21643,24,"#F8D3BAFF"
"993",16923,151,"#E53940FF"
"994",17468,1,"#FAEBDDFF"
"995",19002,8,"#F9E3D2FF"
"996",10362,28,"#F7CFB3FF"
"997",10538,21,"#F8D6BEFF"
"998",18131,108,"#F3734EFF"
"999",23375,6,"#F9E6D5FF"
"1000",21620,1,"#FAEBDDFF"
"1001",23376,6,"#F9E6D5FF"
"1002",23029,1,"#FAEBDDFF"
"1003",22531,8,"#F9E3D2FF"
"1004",21794,2,"#FAE9DBFF"
"1005",18507,124,"#F05E42FF"
"1006",23201,3,"#FAE9D9FF"
"1007",23202,2,"#FAE9DBFF"
"1008",17100,90,"#F58961FF"
"1009",20400,1,"#FAEBDDFF"
"1010",17989,54,"#F6B38DFF"
"1011",21949,40,"#F7C2A1FF"
"1012",7795,2,"#FAE9DBFF"
"1013",9864,5,"#FAE6D6FF"
"1014",17101,46,"#F6BB98FF"
"1015",7629,2,"#FAE9DBFF"
"1016",7627,2,"#FAE9DBFF"
"1017",7628,4,"#FAE8D8FF"
"1018",19350,6,"#F9E6D5FF"
"1019",20910,111,"#F26F4CFF"
"1020",11422,7,"#F9E5D4FF"
"1021",10381,4,"#FAE8D8FF"
"1022",16425,1,"#FAEBDDFF"
"1023",16926,48,"#F6B995FF"
"1024",16929,74,"#F69C73FF"
"1025",16755,54,"#F6B38DFF"
"1026",16924,101,"#F47C55FF"
"1027",18011,2,"#FAE9DBFF"
"1028",22302,3,"#FAE9D9FF"
"1029",19730,1,"#FAEBDDFF"
"1030",22304,4,"#FAE8D8FF"
"1031",22303,4,"#FAE8D8FF"
"1032",18128,12,"#F9DFCCFF"
"1033",22652,1,"#FAEBDDFF"
"1034",12271,2,"#FAE9DBFF"
"1035",11074,2,"#FAE9DBFF"
"1036",11573,1,"#FAEBDDFF"
"1037",22650,1,"#FAEBDDFF"
"1038",11225,1,"#FAEBDDFF"
"1039",18682,1,"#FAEBDDFF"
"1040",18359,2,"#FAE9DBFF"
"1041",19031,1,"#FAEBDDFF"
"1042",11399,1,"#FAEBDDFF"
"1043",22651,1,"#FAEBDDFF"
"1044",22655,1,"#FAEBDDFF"
"1045",22305,3,"#FAE9D9FF"
"1046",12097,1,"#FAEBDDFF"
"1047",12098,8,"#F9E3D2FF"
"1048",21660,18,"#F8D9C3FF"
"1049",18162,31,"#F7CCAFFF"
"1050",15556,21,"#F8D6BEFF"
"1051",21956,6,"#F9E6D5FF"
"1052",21957,7,"#F9E5D4FF"
"1053",20907,83,"#F59168FF"
"1054",17139,3,"#FAE9D9FF"
"1055",22130,8,"#F9E3D2FF"
"1056",17954,18,"#F8D9C3FF"
"1057",22131,9,"#F9E2D1FF"
"1058",11397,5,"#FAE6D6FF"
"1059",11223,4,"#FAE8D8FF"
"1060",14687,9,"#F9E2D1FF"
"1061",16965,2,"#FAE9DBFF"
"1062",16791,2,"#FAE9DBFF"
"1063",9519,3,"#FAE9D9FF"
"1064",9171,2,"#FAE9DBFF"
"1065",17111,24,"#F8D3BAFF"
"1066",9518,3,"#FAE9D9FF"
"1067",16254,40,"#F7C2A1FF"
"1068",19745,1,"#FAEBDDFF"
"1069",19178,2,"#FAE9DBFF"
"1070",20580,2,"#FAE9DBFF"
"1071",19572,1,"#FAEBDDFF"
"1072",20268,1,"#FAEBDDFF"
"1073",9862,2,"#FAE9DBFF"
"1074",21099,1,"#FAEBDDFF"
"1075",16925,55,"#F6B18BFF"
"1076",17955,17,"#F8DAC5FF"
"1077",24089,2,"#FAE9DBFF"
"1078",9520,2,"#FAE9DBFF"
"1079",17462,81,"#F5946BFF"
"1080",22479,2,"#FAE9DBFF"
"1081",22530,12,"#F9DFCCFF"
"1082",16935,95,"#F4835BFF"
"1083",23916,2,"#FAE9DBFF"
"1084",22478,1,"#FAEBDDFF"
"1085",21946,2,"#FAE9DBFF"
"1086",16428,43,"#F6BF9CFF"
"1087",22477,1,"#FAEBDDFF"
"1088",24263,1,"#FAEBDDFF"
"1089",16427,44,"#F6BE9BFF"
"1090",22134,2,"#FAE9DBFF"
"1091",22133,6,"#F9E6D5FF"
"1092",22132,7,"#F9E5D4FF"
"1093",21960,5,"#FAE6D6FF"
"1094",21959,11,"#F9E0CDFF"
"1095",21958,8,"#F9E3D2FF"
"1096",24437,2,"#FAE9DBFF"
"1097",19058,3,"#FAE9D9FF"
"1098",24610,1,"#FAEBDDFF"
"1099",18311,17,"#F8DAC5FF"
"1100",18710,5,"#FAE6D6FF"
"1101",24438,1,"#FAEBDDFF"
"1102",20100,3,"#FAE9D9FF"
"1103",23377,1,"#FAEBDDFF"
"1104",20047,5,"#FAE6D6FF"
"1105",21786,5,"#FAE6D6FF"
"1106",21431,50,"#F6B792FF"
"1107",18129,18,"#F8D9C3FF"
"1108",23724,2,"#FAE9DBFF"
"1109",20906,80,"#F5956CFF"
"1110",21775,30,"#F7CDB0FF"
"1111",17461,87,"#F58C64FF"
"1112",21785,5,"#FAE6D6FF"
"1113",18999,17,"#F8DAC5FF"
"1114",21615,2,"#FAE9DBFF"
"1115",21614,1,"#FAEBDDFF"
"1116",21787,2,"#FAE9DBFF"
"1117",21613,1,"#FAEBDDFF"
"1118",20945,2,"#FAE9DBFF"
"1119",18477,148,"#E73D3FFF"
"1120",17956,9,"#F9E2D1FF"
"1121",17811,14,"#F9DDC9FF"
"1122",17824,4,"#FAE8D8FF"
"1123",18854,1,"#FAEBDDFF"
"1124",17637,43,"#F6BF9CFF"
"1125",22181,63,"#F6A981FF"
"1126",12435,1,"#FAEBDDFF"
"1127",12608,1,"#FAEBDDFF"
"1128",12261,2,"#FAE9DBFF"
"1129",18683,19,"#F8D8C1FF"
"1130",18163,48,"#F6B995FF"
"1131",10556,4,"#FAE8D8FF"
"1132",18479,20,"#F8D7BFFF"
"1133",21784,1,"#FAEBDDFF"
"1134",17463,12,"#F9DFCCFF"
"1135",21783,1,"#FAEBDDFF"
"1136",7454,2,"#FAE9DBFF"
"1137",19532,3,"#FAE9D9FF"
"1138",21082,105,"#F37651FF"
"1139",19207,80,"#F5956CFF"
"1140",12273,6,"#F9E6D5FF"
"1141",12099,2,"#FAE9DBFF"
"1142",12447,7,"#F9E5D4FF"
"1143",12620,1,"#FAEBDDFF"
"1144",13475,21,"#F8D6BEFF"
"1145",21773,4,"#FAE8D8FF"
"1146",12272,2,"#FAE9DBFF"
"1147",12446,1,"#FAEBDDFF"
"1148",19033,68,"#F6A37AFF"
"1149",19355,5,"#FAE6D6FF"
"1150",19200,1,"#FAEBDDFF"
"1151",19201,1,"#FAEBDDFF"
"1152",16255,26,"#F7D0B6FF"
"1153",19199,1,"#FAEBDDFF"
"1154",18308,8,"#F9E3D2FF"
"1155",11939,1,"#FAEBDDFF"
"1156",17957,53,"#F6B48EFF"
"1157",17634,67,"#F6A47CFF"
"1158",16934,6,"#F9E6D5FF"
"1159",11940,1,"#FAEBDDFF"
"1160",18490,16,"#F8DBC6FF"
"1161",18666,5,"#FAE6D6FF"
"1162",18667,4,"#FAE8D8FF"
"1163",18665,5,"#FAE6D6FF"
"1164",23335,29,"#F7CEB2FF"
"1165",17988,29,"#F7CEB2FF"
"1166",11923,2,"#FAE9DBFF"
"1167",12621,3,"#FAE9D9FF"
"1168",11924,2,"#FAE9DBFF"
"1169",7284,2,"#FAE9DBFF"
"1170",12622,3,"#FAE9D9FF"
"1171",12285,2,"#FAE9DBFF"
"1172",17990,68,"#F6A37AFF"
"1173",12799,1,"#FAEBDDFF"
"1174",17460,48,"#F6B995FF"
"1175",16949,1,"#FAEBDDFF"
"1176",12798,1,"#FAEBDDFF"
"1177",13142,3,"#FAE9D9FF"
"1178",12970,2,"#FAE9DBFF"
"1179",12971,3,"#FAE9D9FF"
"1180",17635,61,"#F6AB83FF"
"1181",17124,1,"#FAEBDDFF"
"1182",12972,3,"#FAE9D9FF"
"1183",14864,2,"#FAE9DBFF"
"1184",14690,4,"#FAE8D8FF"
"1185",20394,9,"#F9E2D1FF"
"1186",22643,79,"#F5966DFF"
"1187",12626,1,"#FAEBDDFF"
"1188",11767,1,"#FAEBDDFF"
"1189",12625,1,"#FAEBDDFF"
"1190",20908,5,"#FAE6D6FF"
"1191",20396,8,"#F9E3D2FF"
"1192",20395,8,"#F9E3D2FF"
"1193",13476,6,"#F9E6D5FF"
"1194",16079,9,"#F9E2D1FF"
"1195",19053,22,"#F8D5BDFF"
"1196",16751,8,"#F9E3D2FF"
"1197",11595,2,"#FAE9DBFF"
"1198",17987,3,"#FAE9D9FF"
"1199",20393,5,"#FAE6D6FF"
"1200",22183,42,"#F6C09DFF"
"1201",13660,1,"#FAEBDDFF"
"1202",18164,17,"#F8DAC5FF"
"1203",20429,2,"#FAE9DBFF"
"1204",20604,7,"#F9E5D4FF"
"1205",20430,5,"#FAE6D6FF"
"1206",20256,7,"#F9E5D4FF"
"1207",21817,7,"#F9E5D4FF"
"1208",22856,2,"#FAE9DBFF"
"1209",21776,23,"#F8D4BBFF"
"1210",22855,2,"#FAE9DBFF"
"1211",21816,6,"#F9E6D5FF"
"1212",21955,1,"#FAEBDDFF"
"1213",22306,1,"#FAEBDDFF"
"1214",11749,2,"#FAE9DBFF"
"1215",21818,2,"#FAE9DBFF"
"1216",19871,2,"#FAE9DBFF"
"1217",20948,15,"#F8DCC7FF"
"1218",21124,25,"#F8D1B8FF"
"1219",12448,1,"#FAEBDDFF"
"1220",23028,1,"#FAEBDDFF"
"1221",21646,1,"#FAEBDDFF"
"1222",21645,2,"#FAE9DBFF"
"1223",25121,20,"#F8D7BFFF"
"1224",16756,7,"#F9E5D4FF"
"1225",23725,1,"#FAEBDDFF"
"1226",19001,73,"#F69D74FF"
"1227",17666,1,"#FAEBDDFF"
"1228",13301,10,"#F9E1CFFF"
"1229",14689,3,"#FAE9D9FF"
"1230",7632,2,"#FAE9DBFF"
"1231",18135,1,"#FAEBDDFF"
"1232",23726,1,"#FAEBDDFF"
"1233",17611,24,"#F8D3BAFF"
"1234",17636,44,"#F6BE9BFF"
"1235",19524,2,"#FAE9DBFF"
"1236",19523,1,"#FAEBDDFF"
"1237",19372,2,"#FAE9DBFF"
"1238",21641,1,"#FAEBDDFF"
"1239",15905,13,"#F9DECAFF"
"1240",19059,1,"#FAEBDDFF"
"1241",22162,4,"#FAE8D8FF"
"1242",21600,6,"#F9E6D5FF"
"1243",12279,1,"#FAEBDDFF"
"1244",11931,3,"#FAE9D9FF"
"1245",12105,1,"#FAEBDDFF"
"1246",12278,2,"#FAE9DBFF"
"1247",11933,1,"#FAEBDDFF"
"1248",11759,1,"#FAEBDDFF"
"1249",16930,84,"#F59067FF"
"1250",17787,108,"#F3734EFF"
"1251",20944,1,"#FAEBDDFF"
"1252",13825,3,"#FAE9D9FF"
"1253",20943,1,"#FAEBDDFF"
"1254",13650,1,"#FAEBDDFF"
"1255",20942,1,"#FAEBDDFF"
"1256",20941,1,"#FAEBDDFF"
"1257",13824,1,"#FAEBDDFF"
"1258",23169,9,"#F9E2D1FF"
"1259",23168,7,"#F9E5D4FF"
"1260",20937,1,"#FAEBDDFF"
"1261",23171,18,"#F8D9C3FF"
"1262",20765,1,"#FAEBDDFF"
"1263",20939,1,"#FAEBDDFF"
"1264",20764,1,"#FAEBDDFF"
"1265",20938,1,"#FAEBDDFF"
"1266",23170,10,"#F9E1CFFF"
"1267",20940,1,"#FAEBDDFF"
"1268",19544,1,"#FAEBDDFF"
"1269",20763,1,"#FAEBDDFF"
"1270",23172,19,"#F8D8C1FF"
"1271",17492,1,"#FAEBDDFF"
"1272",9863,1,"#FAEBDDFF"
"1273",23173,15,"#F8DCC7FF"
"1274",19545,1,"#FAEBDDFF"
"1275",18853,2,"#FAE9DBFF"
"1276",15563,12,"#F9DFCCFF"
"1277",18319,3,"#FAE9D9FF"
"1278",17815,6,"#F9E6D5FF"
"1279",18320,2,"#FAE9DBFF"
"1280",19360,2,"#FAE9DBFF"
"1281",19361,1,"#FAEBDDFF"
"1282",18321,2,"#FAE9DBFF"
"1283",18318,2,"#FAE9DBFF"
"1284",20603,4,"#FAE8D8FF"
"1285",19710,1,"#FAEBDDFF"
"1286",19373,2,"#FAE9DBFF"
"1287",19711,1,"#FAEBDDFF"
"1288",19709,4,"#FAE8D8FF"
"1289",17097,60,"#F6AC84FF"
"1290",20576,2,"#FAE9DBFF"
"1291",20776,8,"#F9E3D2FF"
"1292",22470,8,"#F9E3D2FF"
"1293",19872,2,"#FAE9DBFF"
"1294",15737,13,"#F9DECAFF"
"1295",18338,5,"#FAE6D6FF"
"1296",12609,1,"#FAEBDDFF"
"1297",20774,2,"#FAE9DBFF"
"1298",19873,3,"#FAE9D9FF"
"1299",20397,1,"#FAEBDDFF"
"1300",20222,9,"#F9E2D1FF"
"1301",17469,1,"#FAEBDDFF"
"1302",17466,1,"#FAEBDDFF"
"1303",17119,1,"#FAEBDDFF"
"1304",21264,1,"#FAEBDDFF"
"1305",21265,1,"#FAEBDDFF"
"1306",20605,36,"#F7C6A7FF"
"1307",21836,14,"#F9DDC9FF"
"1308",12629,2,"#FAE9DBFF"
"1309",19356,2,"#FAE9DBFF"
"1310",19358,3,"#FAE9D9FF"
"1311",19357,2,"#FAE9DBFF"
"1312",23174,10,"#F9E1CFFF"
"1313",21644,1,"#FAEBDDFF"
"1314",7463,1,"#FAEBDDFF"
"1315",21819,1,"#FAEBDDFF"
"1316",24070,1,"#FAEBDDFF"
"1317",17104,62,"#F6A981FF"
"1318",23337,67,"#F6A47CFF"
"1319",20947,2,"#FAE9DBFF"
"1320",21991,1,"#FAEBDDFF"
"1321",21992,1,"#FAEBDDFF"
"1322",21616,1,"#FAEBDDFF"
"1323",21618,1,"#FAEBDDFF"
"1324",21619,1,"#FAEBDDFF"
"1325",20918,3,"#FAE9D9FF"
"1326",20050,3,"#FAE9D9FF"
"1327",20919,2,"#FAE9DBFF"
"1328",15559,2,"#FAE9DBFF"
"1329",20051,2,"#FAE9DBFF"
"1330",20048,5,"#FAE6D6FF"
"1331",20223,3,"#FAE9D9FF"
"1332",20049,5,"#FAE6D6FF"
"1333",11912,1,"#FAEBDDFF"
"1334",19698,5,"#FAE6D6FF"
"1335",8136,1,"#FAEBDDFF"
"1336",17633,37,"#F7C6A6FF"
"1337",25296,11,"#F9E0CDFF"
"1338",16259,1,"#FAEBDDFF"
"1339",22828,2,"#FAE9DBFF"
"1340",18831,9,"#F9E2D1FF"
"1341",22827,3,"#FAE9D9FF"
"1342",16606,1,"#FAEBDDFF"
"1343",16260,2,"#FAE9DBFF"
"1344",22829,2,"#FAE9DBFF"
"1345",14697,33,"#F7CAABFF"
"1346",16085,1,"#FAEBDDFF"
"1347",16258,2,"#FAE9DBFF"
"1348",16084,1,"#FAEBDDFF"
"1349",16257,2,"#FAE9DBFF"
"1350",22826,3,"#FAE9D9FF"
"1351",15558,2,"#FAE9DBFF"
"1352",21837,23,"#F8D4BBFF"
"1353",23001,4,"#FAE8D8FF"
"1354",23000,3,"#FAE9D9FF"
"1355",23175,7,"#F9E5D4FF"
"1356",22999,2,"#FAE9DBFF"
"1357",23002,3,"#FAE9D9FF"
"1358",22998,1,"#FAEBDDFF"
"1359",8818,1,"#FAEBDDFF"
"1360",8817,1,"#FAEBDDFF"
"1361",16966,4,"#FAE8D8FF"
"1362",8819,1,"#FAEBDDFF"
"1363",16779,2,"#FAE9DBFF"
"1364",23720,1,"#FAEBDDFF"
"1365",16432,1,"#FAEBDDFF"
"1366",16431,1,"#FAEBDDFF"
"1367",21083,53,"#F6B48EFF"
"1368",22129,2,"#FAE9DBFF"
"1369",22825,2,"#FAE9DBFF"
"1370",20606,1,"#FAEBDDFF"
"1371",22824,1,"#FAEBDDFF"
"1372",10728,6,"#F9E6D5FF"
"1373",19875,2,"#FAE9DBFF"
"1374",19701,7,"#F9E5D4FF"
"1375",16953,2,"#FAE9DBFF"
"1376",19874,1,"#FAEBDDFF"
"1377",19353,3,"#FAE9D9FF"
"1378",23003,1,"#FAEBDDFF"
"1379",19174,1,"#FAEBDDFF"
"1380",19527,13,"#F9DECAFF"
"1381",21961,2,"#FAE9DBFF"
"1382",21778,54,"#F6B38DFF"
"1383",19190,1,"#FAEBDDFF"
"1384",19192,1,"#FAEBDDFF"
"1385",19191,1,"#FAEBDDFF"
"1386",19193,1,"#FAEBDDFF"
"1387",19194,1,"#FAEBDDFF"
"1388",19189,1,"#FAEBDDFF"
"1389",20263,16,"#F8DBC6FF"
"1390",17455,51,"#F6B691FF"
"1391",17632,18,"#F8D9C3FF"
"1392",12445,1,"#FAEBDDFF"
"1393",21951,22,"#F8D5BDFF"
"1394",17444,52,"#F6B490FF"
"1395",11409,1,"#FAEBDDFF"
"1396",14862,7,"#F9E5D4FF"
"1397",11757,1,"#FAEBDDFF"
"1398",18680,5,"#FAE6D6FF"
"1399",11410,2,"#FAE9DBFF"
"1400",13311,2,"#FAE9DBFF"
"1401",11411,2,"#FAE9DBFF"
"1402",17137,19,"#F8D8C1FF"
"1403",11922,1,"#FAEBDDFF"
"1404",7097,1,"#FAEBDDFF"
"1405",24206,30,"#F7CDB0FF"
"1406",7101,2,"#FAE9DBFF"
"1407",7100,3,"#FAE9D9FF"
"1408",7098,1,"#FAEBDDFF"
"1409",13480,1,"#FAEBDDFF"
"1410",13481,1,"#FAEBDDFF"
"1411",10896,2,"#FAE9DBFF"
"1412",19204,33,"#F7CAABFF"
"1413",10548,1,"#FAEBDDFF"
"1414",10374,1,"#FAEBDDFF"
"1415",17280,25,"#F8D1B8FF"
"1416",21432,12,"#F9DFCCFF"
"1417",10721,3,"#FAE9D9FF"
"1418",21604,24,"#F8D3BAFF"
"1419",10720,2,"#FAE9DBFF"
"1420",12618,2,"#FAE9DBFF"
"1421",18681,1,"#FAEBDDFF"
"1422",10895,2,"#FAE9DBFF"
"1423",10894,2,"#FAE9DBFF"
"1424",10554,1,"#FAEBDDFF"
"1425",11066,2,"#FAE9DBFF"
"1426",12619,1,"#FAEBDDFF"
"1427",11067,2,"#FAE9DBFF"
"1428",19364,1,"#FAEBDDFF"
"1429",19365,1,"#FAEBDDFF"
"1430",19004,2,"#FAE9DBFF"
"1431",18476,19,"#F8D8C1FF"
"1432",18650,11,"#F9E0CDFF"
"1433",7274,1,"#FAEBDDFF"
"1434",19362,1,"#FAEBDDFF"
"1435",20262,48,"#F6B995FF"
"1436",18494,5,"#FAE6D6FF"
"1437",10547,2,"#FAE9DBFF"
"1438",19352,2,"#FAE9DBFF"
"1439",18669,2,"#FAE9DBFF"
"1440",19185,4,"#FAE8D8FF"
"1441",20402,1,"#FAEBDDFF"
"1442",19354,1,"#FAEBDDFF"
"1443",20750,3,"#FAE9D9FF"
"1444",19186,4,"#FAE8D8FF"
"1445",18672,1,"#FAEBDDFF"
"1446",17273,1,"#FAEBDDFF"
"1447",25308,1,"#FAEBDDFF"
"1448",24440,1,"#FAEBDDFF"
"1449",21270,1,"#FAEBDDFF"
"1450",25307,1,"#FAEBDDFF"
"1451",21445,1,"#FAEBDDFF"
"1452",19179,1,"#FAEBDDFF"
"1453",24441,1,"#FAEBDDFF"
"1454",20936,1,"#FAEBDDFF"
"1455",15923,4,"#FAE8D8FF"
"1456",22154,2,"#FAE9DBFF"
"1457",21316,1,"#FAEBDDFF"
"1458",20761,1,"#FAEBDDFF"
"1459",21284,1,"#FAEBDDFF"
"1460",20621,1,"#FAEBDDFF"
"1461",16963,41,"#F6C19FFF"
"1462",18150,28,"#F7CFB3FF"
"1463",21317,1,"#FAEBDDFF"
"1464",19406,1,"#FAEBDDFF"
"1465",23023,3,"#FAE9D9FF"
"1466",22155,1,"#FAEBDDFF"
"1467",15220,1,"#FAEBDDFF"
"1468",15221,1,"#FAEBDDFF"
"1469",18707,40,"#F7C2A1FF"
"1470",23022,3,"#FAE9D9FF"
"1471",21802,2,"#FAE9DBFF"
"1472",16087,1,"#FAEBDDFF"
"1473",16261,1,"#FAEBDDFF"
"1474",19010,5,"#FAE6D6FF"
"1475",21800,3,"#FAE9D9FF"
"1476",15912,1,"#FAEBDDFF"
"1477",21801,2,"#FAE9DBFF"
"1478",16272,1,"#FAEBDDFF"
"1479",20067,1,"#FAEBDDFF"
"1480",21799,2,"#FAE9DBFF"
"1481",19205,22,"#F8D5BDFF"
"1482",20068,1,"#FAEBDDFF"
"1483",19546,1,"#FAEBDDFF"
"1484",20911,7,"#F9E5D4FF"
"1485",21450,1,"#FAEBDDFF"
"1486",21449,1,"#FAEBDDFF"
"1487",19183,2,"#FAE9DBFF"
"1488",20240,1,"#FAEBDDFF"
"1489",19184,3,"#FAE9D9FF"
"1490",11570,1,"#FAEBDDFF"
"1491",22125,7,"#F9E5D4FF"
"1492",10704,1,"#FAEBDDFF"
"1493",17964,12,"#F9DFCCFF"
"1494",18709,4,"#FAE8D8FF"
"1495",24028,1,"#FAEBDDFF"
"1496",20101,2,"#FAE9DBFF"
"1497",19753,4,"#FAE8D8FF"
"1498",23176,1,"#FAEBDDFF"
"1499",19752,2,"#FAE9DBFF"
"1500",20928,1,"#FAEBDDFF"
"1501",20925,2,"#FAE9DBFF"
"1502",20926,2,"#FAE9DBFF"
"1503",20927,2,"#FAE9DBFF"
"1504",19926,3,"#FAE9D9FF"
"1505",13146,3,"#FAE9D9FF"
"1506",21779,11,"#F9E0CDFF"
"1507",22849,2,"#FAE9DBFF"
"1508",11050,2,"#FAE9DBFF"
"1509",22850,1,"#FAEBDDFF"
"1510",18535,2,"#FAE9DBFF"
"1511",22848,2,"#FAE9DBFF"
"1512",22127,13,"#F9DECAFF"
"1513",23021,1,"#FAEBDDFF"
"1514",17443,8,"#F9E3D2FF"
"1515",17271,25,"#F8D1B8FF"
"1516",20924,1,"#FAEBDDFF"
"1517",21780,10,"#F9E1CFFF"
"1518",19014,1,"#FAEBDDFF"
"1519",19015,1,"#FAEBDDFF"
"1520",19013,2,"#FAE9DBFF"
"1521",19016,1,"#FAEBDDFF"
"1522",19713,1,"#FAEBDDFF"
"1523",19714,1,"#FAEBDDFF"
"1524",16780,2,"#FAE9DBFF"
"1525",19187,1,"#FAEBDDFF"
"1526",18839,1,"#FAEBDDFF"
"1527",18843,1,"#FAEBDDFF"
"1528",18844,1,"#FAEBDDFF"
"1529",18840,1,"#FAEBDDFF"
"1530",18842,1,"#FAEBDDFF"
"1531",18497,1,"#FAEBDDFF"
"1532",18827,16,"#F8DBC6FF"
"1533",21953,10,"#F9E1CFFF"
"1534",21259,5,"#FAE6D6FF"
"1535",17131,2,"#FAE9DBFF"
"1536",16783,1,"#FAEBDDFF"
"1537",17130,1,"#FAEBDDFF"
"1538",16956,1,"#FAEBDDFF"
"1539",16957,1,"#FAEBDDFF"
"1540",17306,1,"#FAEBDDFF"
"1541",17305,1,"#FAEBDDFF"
"1542",17481,2,"#FAE9DBFF"
"1543",17132,1,"#FAEBDDFF"
"1544",17829,1,"#FAEBDDFF"
"1545",17830,1,"#FAEBDDFF"
"1546",22128,14,"#F9DDC9FF"
"1547",17655,1,"#FAEBDDFF"
"1548",15732,1,"#FAEBDDFF"
"1549",18668,1,"#FAEBDDFF"
"1550",18323,1,"#FAEBDDFF"
"1551",18324,1,"#FAEBDDFF"
"1552",18322,1,"#FAEBDDFF"
"1553",19579,3,"#FAE9D9FF"
"1554",19925,1,"#FAEBDDFF"
"1555",19405,2,"#FAE9DBFF"
"1556",19359,1,"#FAEBDDFF"
